{
  "TP": 4625,
  "TN": 10277,
  "FP": 527,
  "FN": 981,
  "FPR_percent": 4.8778,
  "F1_percent_at_val_thr": 85.9825,
  "val_selected_threshold": 0.161939,
  "ROC_AUC": 0.892675,
  "PR_AUC": 0.844207
}